"Year","Team","Final_Position","Eliminated_Round","Rating"
"2022","Argentina","1","Champion","100"
"2022","France","2","Runner-up","90"
"2022","Croatia","3","Third place","80"
"2022","Morocco","4","Fourth place","70"
"2022","Netherlands","5","Quarter-final","60"
"2022","England","6","Quarter-final","50"
"2022","Brazil","7","Quarter-final","40"
"2022","Portugal","8","Quarter-final","30"
"2022","Japan","9","Round of 16","20"
"2022","Senegal","10","Round of 16","10"
"2022","Australia","11","Round of 16","0"
"2022","Switzerland","12","Round of 16","-10"
"2022","Spain","13","Round of 16","-20"
"2022","USA","14","Round of 16","-30"
"2022","Poland","15","Round of 16","-40"
"2022","South Korea","16","Round of 16","-50"
"2018","France","1","Champion","100"
"2018","Croatia","2","Runner-up","90"
"2018","Belgium","3","Third place","80"
"2018","England","4","Fourth place","70"
"2018","Uruguay","5","Quarter-final","60"
"2018","Brazil","6","Quarter-final","50"
"2018","Sweden","7","Quarter-final","40"
"2018","Russia","8","Quarter-final","30"
"2018","Colombia","9","Round of 16","20"
"2018","Switzerland","10","Round of 16","10"
"2018","Japan","11","Round of 16","0"
"2018","Mexico","12","Round of 16","-10"
"2018","Denmark","13","Round of 16","-20"
"2018","Spain","14","Round of 16","-30"
"2018","Portugal","15","Round of 16","-40"
"2018","Argentina","16","Round of 16","-50"
"2014","Germany","1","Champion","100"
"2014","Argentina","2","Runner-up","90"
"2014","Netherlands","3","Third place","80"
"2014","Brazil","4","Fourth place","70"
"2014","Colombia","5","Quarter-final","60"
"2014","Costa Rica","6","Quarter-final","50"
"2014","France","7","Quarter-final","40"
"2014","Belgium","8","Quarter-final","30"
"2014","Switzerland","9","Round of 16","20"
"2014","Chile","10","Round of 16","10"
"2014","Uruguay","11","Round of 16","0"
"2014","Greece","12","Round of 16","-10"
"2014","Mexico","13","Round of 16","-20"
"2014","United States","14","Round of 16","-30"
"2014","Nigeria","15","Round of 16","-40"
"2014","Algeria","16","Round of 16","-50"
"2014","Germany","1","Champion","100"
"2014","Argentina","2","Runner-up","90"
"2014","Netherlands","3","Third place","80"
"2014","Brazil","4","Fourth place","70"
"2014","Colombia","5","Quarter-final","60"
"2014","Costa Rica","6","Quarter-final","50"
"2014","France","7","Quarter-final","40"
"2014","Belgium","8","Quarter-final","30"
"2014","Switzerland","9","Round of 16","20"
"2014","Chile","10","Round of 16","10"
"2014","Uruguay","11","Round of 16","0"
"2014","Greece","12","Round of 16","-10"
"2014","Mexico","13","Round of 16","-20"
"2014","United States","14","Round of 16","-30"
"2014","Nigeria","15","Round of 16","-40"
"2014","Algeria","16","Round of 16","-50"
"2010","Spain","1","Champion","100"
"2010","Netherlands","2","Runner-up","90"
"2010","Germany","3","Third place","80"
"2010","Uruguay","4","Fourth place","70"
"2010","Argentina","5","Quarter-final","60"
"2010","Paraguay","6","Quarter-final","50"
"2010","Brazil","7","Quarter-final","40"
"2010","Ghana","8","Quarter-final","30"
"2010","Japan","9","Round of 16","20"
"2010","Chile","10","Round of 16","10"
"2010","Portugal","11","Round of 16","0"
"2010","United States","12","Round of 16","-10"
"2010","England","13","Round of 16","-20"
"2010","Mexico","14","Round of 16","-30"
"2010","South Korea","15","Round of 16","-40"
"2010","Slovakia","16","Round of 16","-50"
"2006","Italy","1","Champion","100"
"2006","France","2","Runner-up","90"
"2006","Germany","3","Third place","80"
"2006","Portugal","4","Fourth place","70"
"2006","Brazil","5","Quarter-final","60"
"2006","Argentina","6","Quarter-final","50"
"2006","England","7","Quarter-final","40"
"2006","Ukraine","8","Quarter-final","30"
"2006","Switzerland","9","Round of 16","20"
"2006","Spain","10","Round of 16","10"
"2006","Netherlands","11","Round of 16","0"
"2006","Ecuador","12","Round of 16","-10"
"2006","Sweden","13","Round of 16","-20"
"2006","Australia","14","Round of 16","-30"
"2006","Mexico","15","Round of 16","-40"
"2006","Ghana","16","Round of 16","-50"
"2002","Brazil","1","Champion","100"
"2002","Germany","2","Runner-up","90"
"2002","Turkey","3","Third place","80"
"2002","South Korea","4","Fourth place","70"
"2002","England","5","Quarter-final","60"
"2002","Senegal","6","Quarter-final","50"
"2002","Spain","7","Quarter-final","40"
"2002","United States","8","Quarter-final","30"
"2002","Japan","9","Round of 16","20"
"2002","Mexico","10","Round of 16","10"
"2002","Italy","11","Round of 16","0"
"2002","Denmark","12","Round of 16","-10"
"2002","Sweden","13","Round of 16","-20"
"2002","Republic of Ireland","14","Round of 16","-30"
"2002","Belgium","15","Round of 16","-40"
"2002","Paraguay","16","Round of 16","-50"
"1998","France","1","Champion","100"
"1998","Brazil","2","Runner-up","90"
"1998","Croatia","3","Third place","80"
"1998","Netherlands","4","Fourth place","70"
"1998","Italy","5","Quarter-final","60"
"1998","Germany","6","Quarter-final","50"
"1998","Argentina","7","Quarter-final","40"
"1998","Denmark","8","Quarter-final","30"
"1998","Romania","9","Round of 16","20"
"1998","Nigeria","10","Round of 16","10"
"1998","England","11","Round of 16","0"
"1998","Chile","12","Round of 16","-10"
"1998","Norway","13","Round of 16","-20"
"1998","Mexico","14","Round of 16","-30"
"1998","Paraguay","15","Round of 16","-40"
"1998","Yugoslavia","16","Round of 16","-50"
"1994","Brazil","1","Champion","100"
"1994","Italy","2","Runner-up","90"
"1994","Sweden","3","Third place","80"
"1994","Bulgaria","4","Fourth place","70"
"1994","Germany","5","Quarter-final","60"
"1994","Netherlands","6","Quarter-final","50"
"1994","Spain","7","Quarter-final","40"
"1994","Romania","8","Quarter-final","30"
"1994","Argentina","9","Round of 16","20"
"1994","Belgium","10","Round of 16","10"
"1994","Saudi Arabia","11","Round of 16","0"
"1994","United States","12","Round of 16","-10"
"1994","Mexico","13","Round of 16","-20"
"1994","Nigeria","14","Round of 16","-30"
"1994","Ireland","15","Round of 16","-40"
"1994","Switzerland","16","Round of 16","-50"
"1994","Brazil","1","Champion","100"
"1994","Italy","2","Runner-up","90"
"1994","Sweden","3","Third place","80"
"1994","Bulgaria","4","Fourth place","70"
"1994","Germany","5","Quarter-final","60"
"1994","Netherlands","6","Quarter-final","50"
"1994","Spain","7","Quarter-final","40"
"1994","Romania","8","Quarter-final","30"
"1994","Argentina","9","Round of 16","20"
"1994","Belgium","10","Round of 16","10"
"1994","Saudi Arabia","11","Round of 16","0"
"1994","United States","12","Round of 16","-10"
"1994","Mexico","13","Round of 16","-20"
"1994","Nigeria","14","Round of 16","-30"
"1994","Ireland","15","Round of 16","-40"
"1994","Switzerland","16","Round of 16","-50"
"1990","West Germany","1","Champion","100"
"1990","Argentina","2","Runner-up","90"
"1990","Italy","3","Third place","80"
"1990","England","4","Fourth place","70"
"1990","Czechoslovakia","5","Quarter-final","60"
"1990","Yugoslavia","6","Quarter-final","50"
"1990","Ireland","7","Quarter-final","40"
"1990","Cameroon","8","Quarter-final","30"
"1990","Brazil","9","Round of 16","20"
"1990","Spain","10","Round of 16","10"
"1990","Colombia","11","Round of 16","0"
"1990","Costa Rica","12","Round of 16","-10"
"1990","Czechoslovakia","13","Round of 16","-20"
"1990","Belgium","14","Round of 16","-30"
"1990","Netherlands","15","Round of 16","-40"
"1990","Uruguay","16","Round of 16","-50"
"1986","Argentina","1","Champion","100"
"1986","West Germany","2","Runner-up","90"
"1986","France","3","Third place","80"
"1986","Belgium","4","Fourth place","70"
"1986","Brazil","5","Quarter-final","60"
"1986","Mexico","6","Quarter-final","50"
"1986","Spain","7","Quarter-final","40"
"1986","England","8","Quarter-final","30"
"1986","Denmark","9","Round of 16","20"
"1986","Soviet Union","10","Round of 16","10"
"1986","Italy","11","Round of 16","0"
"1986","Paraguay","12","Round of 16","-10"
"1986","Bulgaria","13","Round of 16","-20"
"1986","Morocco","14","Round of 16","-30"
"1986","Poland","15","Round of 16","-40"
"1986","Uruguay","16","Round of 16","-50"
"1982","Italy","1","Champion","100"
"1982","West Germany","2","Runner-up","90"
"1982","Poland","3","Third place","80"
"1982","France","4","Fourth place","70"
"1982","Brazil","5","Second round","60"
"1982","England","6","Second round","50"
"1982","Soviet Union","7","Second round","40"
"1982","Austria","8","Second round","30"
"1982","Northern Ireland","9","Second round","20"
"1982","Belgium","10","Second round","10"
"1982","Argentina","11","Second round","0"
"1982","Spain","12","Second round","-10"
"1978","Argentina","1","Champion","100"
"1978","Netherlands","2","Runner-up","90"
"1978","Brazil","3","Third place","80"
"1978","Italy","4","Fourth place","70"
"1978","Poland","5","Second round","60"
"1978","West Germany","6","Second round","50"
"1978","Austria","7","Second round","40"
"1978","Peru","8","Second round","30"
"1974","West Germany","1","Champion","100"
"1974","Netherlands","2","Runner-up","90"
"1974","Poland","3","Third place","80"
"1974","Brazil","4","Fourth place","70"
"1974","Sweden","5","Second round","60"
"1974","East Germany","6","Second round","50"
"1974","Yugoslavia","7","Second round","40"
"1974","Argentina","8","Second round","30"
"1974","West Germany","1","Champion","100"
"1974","Netherlands","2","Runner-up","90"
"1974","Poland","3","Third place","80"
"1974","Brazil","4","Fourth place","70"
"1974","Sweden","5","Second round","60"
"1974","East Germany","6","Second round","50"
"1974","Yugoslavia","7","Second round","40"
"1974","Argentina","8","Second round","30"
"1970","Brazil","1","Champion","100"
"1970","Italy","2","Runner-up","90"
"1970","West Germany","3","Third place","80"
"1970","Uruguay","4","Fourth place","70"
"1970","Mexico","5","Quarter-final","60"
"1970","Peru","6","Quarter-final","50"
"1970","England","7","Quarter-final","40"
"1970","Soviet Union","8","Quarter-final","30"
"1966","England","1","Champion","100"
"1966","West Germany","2","Runner-up","90"
"1966","Portugal","3","Third place","80"
"1966","Soviet Union","4","Fourth place","70"
"1966","Argentina","5","Quarter-final","60"
"1966","Hungary","6","Quarter-final","50"
"1966","Uruguay","7","Quarter-final","40"
"1966","North Korea","8","Quarter-final","30"
"1962","Brazil","1","Champion","100"
"1962","Czechoslovakia","2","Runner-up","90"
"1962","Chile","3","Third place","80"
"1962","Yugoslavia","4","Fourth place","70"
"1962","England","5","Quarter-final","60"
"1962","Soviet Union","6","Quarter-final","50"
"1962","Hungary","7","Quarter-final","40"
"1962","West Germany","8","Quarter-final","30"
"1958","Brazil","1","Champion","100"
"1958","Sweden","2","Runner-up","90"
"1958","France","3","Third place","80"
"1958","West Germany","4","Fourth place","70"
"1958","Wales","5","Quarter-final","60"
"1958","Soviet Union","6","Quarter-final","50"
"1958","Northern Ireland","7","Quarter-final","40"
"1958","England","8","Quarter-final","30"
"1954","West Germany","1","Champion","100"
"1954","Hungary","2","Runner-up","90"
"1954","Austria","3","Third place","80"
"1954","Uruguay","4","Fourth place","70"
"1954","Brazil","5","Quarter-final","60"
"1954","Switzerland","6","Quarter-final","50"
"1954","England","7","Quarter-final","40"
"1954","Yugoslavia","8","Quarter-final","30"
"1950","Uruguay","1","Champion","100"
"1950","Brazil","2","Runner-up","90"
"1950","Sweden","3","Final group","80"
"1950","Spain","4","Final group","70"
"1938","Italy","1","Champion","100"
"1938","Hungary","2","Runner-up","90"
"1938","Brazil","3","Third place","80"
"1938","Sweden","4","Fourth place","70"
"1938","France","5","Quarter-final","60"
"1938","Czechoslovakia","6","Quarter-final","50"
"1938","Switzerland","7","Quarter-final","40"
"1938","Cuba","8","Quarter-final","30"
"1938","Norway","9","Round of 16","20"
"1938","Poland","10","Round of 16","10"
"1938","Netherlands","11","Round of 16","0"
"1938","Belgium","12","Round of 16","-10"
"1938","Austria","13","Did not participate","-20"
"1938","Romania","14","Round of 16","-30"
"1938","Germany","15","Round of 16","-40"
"1934","Italy","1","Champion","100"
"1934","Czechoslovakia","2","Runner-up","90"
"1934","Germany","3","Third place","80"
"1934","Austria","4","Fourth place","70"
"1934","Spain","5","Quarter-final","60"
"1934","Hungary","6","Quarter-final","50"
"1934","Switzerland","7","Quarter-final","40"
"1934","Sweden","8","Quarter-final","30"
"1934","Argentina","9","Round of 16","20"
"1934","France","9","Round of 16","20"
"1934","Netherlands","9","Round of 16","20"
"1934","Romania","12","Round of 16","-10"
"1934","Egypt","13","Round of 16","-20"
"1934","Brazil","14","Round of 16","-30"
"1934","Belgium","15","Round of 16","-40"
"1934","United States","16","Round of 16","-50"
"1930","Uruguay","1","Champion","100"
"1930","Argentina","2","Runner-up","90"
"1930","United States","3","Semi-final","80"
"1930","Yugoslavia","4","Semi-final","70"
